<?xml version="1.0" encoding="utf-8"?>
<TrueCrypt>
	<configuration>
		<config key="StartOnLogon">0</config>
		<config key="HiddenSectorDetectionStatus">0</config>
		<config key="SaveVolumeHistory">0</config>
		<config key="SecurityTokenLibrary"></config>
		<config key="Language"></config>
		<config key="OpenExplorerWindowAfterMount">0</config>
		<config key="UseDifferentTrayIconIfVolumesMounted">1</config>
		<config key="CachePasswords">0</config>
		<config key="WipePasswordCacheOnExit">0</config>
		<config key="WipeCacheOnAutoDismount">1</config>
		<config key="MountDevicesOnLogon">0</config>
		<config key="MountFavoritesOnLogon">0</config>
		<config key="MountVolumesReadOnly">0</config>
		<config key="MountVolumesRemovable">0</config>
		<config key="PreserveTimestamps">1</config>
		<config key="EnableBackgroundTask">1</config>
		<config key="CloseBackgroundTaskOnNoVolumes">0</config>
		<config key="DismountOnLogOff">1</config>
		<config key="DismountOnPowerSaving">0</config>
		<config key="DismountOnScreenSaver">0</config>
		<config key="ForceAutoDismount">1</config>
		<config key="MaxVolumeIdleTime">-60</config>
		<config key="UseKeyfiles">0</config>
		<config key="LastSelectedDrive">L:</config>
		<config key="CloseSecurityTokenSessionsAfterMount">0</config>
		<config key="DisableSystemCrashDetection">0</config>
		<config key="HotkeyModAutoMountDevices">0</config>
		<config key="HotkeyCodeAutoMountDevices">0</config>
		<config key="HotkeyModDismountAll">0</config>
		<config key="HotkeyCodeDismountAll">0</config>
		<config key="HotkeyModWipeCache">0</config>
		<config key="HotkeyCodeWipeCache">0</config>
		<config key="HotkeyModDismountAllWipe">0</config>
		<config key="HotkeyCodeDismountAllWipe">0</config>
		<config key="HotkeyModForceDismountAllWipe">0</config>
		<config key="HotkeyCodeForceDismountAllWipe">0</config>
		<config key="HotkeyModForceDismountAllWipeExit">0</config>
		<config key="HotkeyCodeForceDismountAllWipeExit">0</config>
		<config key="HotkeyModMountFavoriteVolumes">0</config>
		<config key="HotkeyCodeMountFavoriteVolumes">0</config>
		<config key="HotkeyModShowHideMainWindow">0</config>
		<config key="HotkeyCodeShowHideMainWindow">0</config>
		<config key="HotkeyModCloseSecurityTokenSessions">0</config>
		<config key="HotkeyCodeCloseSecurityTokenSessions">0</config>
		<config key="PlaySoundOnHotkeyMountDismount">1</config>
		<config key="DisplayMsgBoxOnHotkeyDismount">1</config>
	</configuration>
</TrueCrypt>